unique_id_l,source_dataset_l,unique_id_r,source_dataset_r
0,fake_1000,3,fake_1000
1,fake_1000,3,fake_1000
2,fake_1000,3,fake_1000
4,fake_1000,5,fake_1000
7,fake_1000,10,fake_1000
8,fake_1000,10,fake_1000
9,fake_1000,10,fake_1000
11,fake_1000,13,fake_1000
12,fake_1000,13,fake_1000
16,fake_1000,17,fake_1000
18,fake_1000,20,fake_1000
19,fake_1000,20,fake_1000
22,fake_1000,24,fake_1000
23,fake_1000,24,fake_1000
25,fake_1000,30,fake_1000
26,fake_1000,30,fake_1000
27,fake_1000,30,fake_1000
28,fake_1000,30,fake_1000
29,fake_1000,30,fake_1000
31,fake_1000,36,fake_1000
32,fake_1000,36,fake_1000
33,fake_1000,36,fake_1000
34,fake_1000,36,fake_1000
35,fake_1000,36,fake_1000
37,fake_1000,43,fake_1000
38,fake_1000,43,fake_1000
39,fake_1000,43,fake_1000
40,fake_1000,43,fake_1000
41,fake_1000,43,fake_1000
42,fake_1000,43,fake_1000
44,fake_1000,46,fake_1000
45,fake_1000,46,fake_1000
47,fake_1000,50,fake_1000
48,fake_1000,50,fake_1000
49,fake_1000,50,fake_1000
51,fake_1000,57,fake_1000
52,fake_1000,57,fake_1000
53,fake_1000,57,fake_1000
54,fake_1000,57,fake_1000
55,fake_1000,57,fake_1000
56,fake_1000,57,fake_1000
59,fake_1000,62,fake_1000
60,fake_1000,62,fake_1000
61,fake_1000,62,fake_1000
63,fake_1000,67,fake_1000
64,fake_1000,67,fake_1000
65,fake_1000,67,fake_1000
66,fake_1000,67,fake_1000
68,fake_1000,71,fake_1000
69,fake_1000,71,fake_1000
70,fake_1000,71,fake_1000
72,fake_1000,73,fake_1000
75,fake_1000,78,fake_1000
76,fake_1000,78,fake_1000
77,fake_1000,78,fake_1000
79,fake_1000,84,fake_1000
80,fake_1000,84,fake_1000
81,fake_1000,84,fake_1000
82,fake_1000,84,fake_1000
83,fake_1000,84,fake_1000
85,fake_1000,86,fake_1000
87,fake_1000,89,fake_1000
88,fake_1000,89,fake_1000
90,fake_1000,95,fake_1000
91,fake_1000,95,fake_1000
92,fake_1000,95,fake_1000
93,fake_1000,95,fake_1000
94,fake_1000,95,fake_1000
96,fake_1000,100,fake_1000
97,fake_1000,100,fake_1000
98,fake_1000,100,fake_1000
99,fake_1000,100,fake_1000
101,fake_1000,105,fake_1000
102,fake_1000,105,fake_1000
103,fake_1000,105,fake_1000
104,fake_1000,105,fake_1000
106,fake_1000,108,fake_1000
107,fake_1000,108,fake_1000
109,fake_1000,115,fake_1000
110,fake_1000,115,fake_1000
111,fake_1000,115,fake_1000
112,fake_1000,115,fake_1000
113,fake_1000,115,fake_1000
114,fake_1000,115,fake_1000
118,fake_1000,122,fake_1000
119,fake_1000,122,fake_1000
120,fake_1000,122,fake_1000
121,fake_1000,122,fake_1000
123,fake_1000,127,fake_1000
124,fake_1000,127,fake_1000
125,fake_1000,127,fake_1000
126,fake_1000,127,fake_1000
128,fake_1000,134,fake_1000
129,fake_1000,134,fake_1000
130,fake_1000,134,fake_1000
131,fake_1000,134,fake_1000
132,fake_1000,134,fake_1000
133,fake_1000,134,fake_1000
135,fake_1000,136,fake_1000
137,fake_1000,141,fake_1000
138,fake_1000,141,fake_1000
139,fake_1000,141,fake_1000
140,fake_1000,141,fake_1000
142,fake_1000,147,fake_1000
143,fake_1000,147,fake_1000
144,fake_1000,147,fake_1000
145,fake_1000,147,fake_1000
146,fake_1000,147,fake_1000
148,fake_1000,151,fake_1000
149,fake_1000,151,fake_1000
150,fake_1000,151,fake_1000
155,fake_1000,158,fake_1000
156,fake_1000,158,fake_1000
157,fake_1000,158,fake_1000
159,fake_1000,164,fake_1000
160,fake_1000,164,fake_1000
161,fake_1000,164,fake_1000
162,fake_1000,164,fake_1000
163,fake_1000,164,fake_1000
165,fake_1000,170,fake_1000
166,fake_1000,170,fake_1000
167,fake_1000,170,fake_1000
168,fake_1000,170,fake_1000
169,fake_1000,170,fake_1000
171,fake_1000,175,fake_1000
172,fake_1000,175,fake_1000
173,fake_1000,175,fake_1000
174,fake_1000,175,fake_1000
176,fake_1000,180,fake_1000
177,fake_1000,180,fake_1000
178,fake_1000,180,fake_1000
179,fake_1000,180,fake_1000
181,fake_1000,186,fake_1000
182,fake_1000,186,fake_1000
183,fake_1000,186,fake_1000
184,fake_1000,186,fake_1000
185,fake_1000,186,fake_1000
188,fake_1000,189,fake_1000
190,fake_1000,195,fake_1000
191,fake_1000,195,fake_1000
192,fake_1000,195,fake_1000
193,fake_1000,195,fake_1000
194,fake_1000,195,fake_1000
196,fake_1000,199,fake_1000
197,fake_1000,199,fake_1000
198,fake_1000,199,fake_1000
200,fake_1000,203,fake_1000
201,fake_1000,203,fake_1000
202,fake_1000,203,fake_1000
204,fake_1000,206,fake_1000
205,fake_1000,206,fake_1000
207,fake_1000,212,fake_1000
208,fake_1000,212,fake_1000
209,fake_1000,212,fake_1000
210,fake_1000,212,fake_1000
211,fake_1000,212,fake_1000
213,fake_1000,219,fake_1000
214,fake_1000,219,fake_1000
215,fake_1000,219,fake_1000
216,fake_1000,219,fake_1000
217,fake_1000,219,fake_1000
218,fake_1000,219,fake_1000
220,fake_1000,225,fake_1000
221,fake_1000,225,fake_1000
222,fake_1000,225,fake_1000
223,fake_1000,225,fake_1000
224,fake_1000,225,fake_1000
226,fake_1000,228,fake_1000
227,fake_1000,228,fake_1000
229,fake_1000,233,fake_1000
230,fake_1000,233,fake_1000
231,fake_1000,233,fake_1000
232,fake_1000,233,fake_1000
234,fake_1000,235,fake_1000
236,fake_1000,242,fake_1000
237,fake_1000,242,fake_1000
238,fake_1000,242,fake_1000
239,fake_1000,242,fake_1000
240,fake_1000,242,fake_1000
241,fake_1000,242,fake_1000
244,fake_1000,250,fake_1000
245,fake_1000,250,fake_1000
246,fake_1000,250,fake_1000
247,fake_1000,250,fake_1000
248,fake_1000,250,fake_1000
249,fake_1000,250,fake_1000
251,fake_1000,257,fake_1000
252,fake_1000,257,fake_1000
253,fake_1000,257,fake_1000
254,fake_1000,257,fake_1000
255,fake_1000,257,fake_1000
256,fake_1000,257,fake_1000
258,fake_1000,264,fake_1000
259,fake_1000,264,fake_1000
260,fake_1000,264,fake_1000
261,fake_1000,264,fake_1000
262,fake_1000,264,fake_1000
263,fake_1000,264,fake_1000
265,fake_1000,267,fake_1000
266,fake_1000,267,fake_1000
268,fake_1000,271,fake_1000
269,fake_1000,271,fake_1000
270,fake_1000,271,fake_1000
274,fake_1000,280,fake_1000
275,fake_1000,280,fake_1000
276,fake_1000,280,fake_1000
277,fake_1000,280,fake_1000
278,fake_1000,280,fake_1000
279,fake_1000,280,fake_1000
281,fake_1000,282,fake_1000
285,fake_1000,288,fake_1000
286,fake_1000,288,fake_1000
287,fake_1000,288,fake_1000
289,fake_1000,295,fake_1000
290,fake_1000,295,fake_1000
291,fake_1000,295,fake_1000
292,fake_1000,295,fake_1000
293,fake_1000,295,fake_1000
294,fake_1000,295,fake_1000
296,fake_1000,298,fake_1000
297,fake_1000,298,fake_1000
300,fake_1000,301,fake_1000
302,fake_1000,304,fake_1000
303,fake_1000,304,fake_1000
305,fake_1000,308,fake_1000
306,fake_1000,308,fake_1000
307,fake_1000,308,fake_1000
310,fake_1000,311,fake_1000
312,fake_1000,314,fake_1000
313,fake_1000,314,fake_1000
315,fake_1000,319,fake_1000
316,fake_1000,319,fake_1000
317,fake_1000,319,fake_1000
318,fake_1000,319,fake_1000
320,fake_1000,323,fake_1000
321,fake_1000,323,fake_1000
322,fake_1000,323,fake_1000
324,fake_1000,329,fake_1000
325,fake_1000,329,fake_1000
326,fake_1000,329,fake_1000
327,fake_1000,329,fake_1000
328,fake_1000,329,fake_1000
330,fake_1000,333,fake_1000
331,fake_1000,333,fake_1000
332,fake_1000,333,fake_1000
334,fake_1000,338,fake_1000
335,fake_1000,338,fake_1000
336,fake_1000,338,fake_1000
337,fake_1000,338,fake_1000
339,fake_1000,340,fake_1000
342,fake_1000,348,fake_1000
343,fake_1000,348,fake_1000
344,fake_1000,348,fake_1000
345,fake_1000,348,fake_1000
346,fake_1000,348,fake_1000
347,fake_1000,348,fake_1000
349,fake_1000,352,fake_1000
350,fake_1000,352,fake_1000
351,fake_1000,352,fake_1000
353,fake_1000,358,fake_1000
354,fake_1000,358,fake_1000
355,fake_1000,358,fake_1000
356,fake_1000,358,fake_1000
357,fake_1000,358,fake_1000
359,fake_1000,363,fake_1000
360,fake_1000,363,fake_1000
361,fake_1000,363,fake_1000
362,fake_1000,363,fake_1000
364,fake_1000,369,fake_1000
365,fake_1000,369,fake_1000
366,fake_1000,369,fake_1000
367,fake_1000,369,fake_1000
368,fake_1000,369,fake_1000
370,fake_1000,373,fake_1000
371,fake_1000,373,fake_1000
372,fake_1000,373,fake_1000
374,fake_1000,380,fake_1000
375,fake_1000,380,fake_1000
376,fake_1000,380,fake_1000
377,fake_1000,380,fake_1000
378,fake_1000,380,fake_1000
379,fake_1000,380,fake_1000
381,fake_1000,382,fake_1000
383,fake_1000,388,fake_1000
384,fake_1000,388,fake_1000
385,fake_1000,388,fake_1000
386,fake_1000,388,fake_1000
387,fake_1000,388,fake_1000
389,fake_1000,393,fake_1000
390,fake_1000,393,fake_1000
391,fake_1000,393,fake_1000
392,fake_1000,393,fake_1000
394,fake_1000,397,fake_1000
395,fake_1000,397,fake_1000
396,fake_1000,397,fake_1000
398,fake_1000,404,fake_1000
399,fake_1000,404,fake_1000
400,fake_1000,404,fake_1000
401,fake_1000,404,fake_1000
402,fake_1000,404,fake_1000
403,fake_1000,404,fake_1000
405,fake_1000,407,fake_1000
406,fake_1000,407,fake_1000
409,fake_1000,412,fake_1000
410,fake_1000,412,fake_1000
411,fake_1000,412,fake_1000
413,fake_1000,414,fake_1000
415,fake_1000,419,fake_1000
416,fake_1000,419,fake_1000
417,fake_1000,419,fake_1000
418,fake_1000,419,fake_1000
421,fake_1000,426,fake_1000
422,fake_1000,426,fake_1000
423,fake_1000,426,fake_1000
424,fake_1000,426,fake_1000
425,fake_1000,426,fake_1000
427,fake_1000,431,fake_1000
428,fake_1000,431,fake_1000
429,fake_1000,431,fake_1000
430,fake_1000,431,fake_1000
432,fake_1000,438,fake_1000
433,fake_1000,438,fake_1000
434,fake_1000,438,fake_1000
435,fake_1000,438,fake_1000
436,fake_1000,438,fake_1000
437,fake_1000,438,fake_1000
439,fake_1000,445,fake_1000
440,fake_1000,445,fake_1000
441,fake_1000,445,fake_1000
442,fake_1000,445,fake_1000
443,fake_1000,445,fake_1000
444,fake_1000,445,fake_1000
446,fake_1000,450,fake_1000
447,fake_1000,450,fake_1000
448,fake_1000,450,fake_1000
449,fake_1000,450,fake_1000
451,fake_1000,456,fake_1000
452,fake_1000,456,fake_1000
453,fake_1000,456,fake_1000
454,fake_1000,456,fake_1000
455,fake_1000,456,fake_1000
457,fake_1000,460,fake_1000
458,fake_1000,460,fake_1000
459,fake_1000,460,fake_1000
461,fake_1000,464,fake_1000
462,fake_1000,464,fake_1000
463,fake_1000,464,fake_1000
465,fake_1000,470,fake_1000
466,fake_1000,470,fake_1000
467,fake_1000,470,fake_1000
468,fake_1000,470,fake_1000
469,fake_1000,470,fake_1000
471,fake_1000,475,fake_1000
472,fake_1000,475,fake_1000
473,fake_1000,475,fake_1000
474,fake_1000,475,fake_1000
476,fake_1000,480,fake_1000
477,fake_1000,480,fake_1000
478,fake_1000,480,fake_1000
479,fake_1000,480,fake_1000
481,fake_1000,484,fake_1000
482,fake_1000,484,fake_1000
483,fake_1000,484,fake_1000
485,fake_1000,487,fake_1000
486,fake_1000,487,fake_1000
488,fake_1000,492,fake_1000
489,fake_1000,492,fake_1000
490,fake_1000,492,fake_1000
491,fake_1000,492,fake_1000
493,fake_1000,498,fake_1000
494,fake_1000,498,fake_1000
495,fake_1000,498,fake_1000
496,fake_1000,498,fake_1000
497,fake_1000,498,fake_1000
499,fake_1000,501,fake_1000
500,fake_1000,501,fake_1000
502,fake_1000,508,fake_1000
503,fake_1000,508,fake_1000
504,fake_1000,508,fake_1000
505,fake_1000,508,fake_1000
506,fake_1000,508,fake_1000
507,fake_1000,508,fake_1000
509,fake_1000,513,fake_1000
510,fake_1000,513,fake_1000
511,fake_1000,513,fake_1000
512,fake_1000,513,fake_1000
514,fake_1000,520,fake_1000
515,fake_1000,520,fake_1000
516,fake_1000,520,fake_1000
517,fake_1000,520,fake_1000
518,fake_1000,520,fake_1000
519,fake_1000,520,fake_1000
521,fake_1000,526,fake_1000
522,fake_1000,526,fake_1000
523,fake_1000,526,fake_1000
524,fake_1000,526,fake_1000
525,fake_1000,526,fake_1000
527,fake_1000,529,fake_1000
528,fake_1000,529,fake_1000
530,fake_1000,532,fake_1000
531,fake_1000,532,fake_1000
533,fake_1000,537,fake_1000
534,fake_1000,537,fake_1000
535,fake_1000,537,fake_1000
536,fake_1000,537,fake_1000
538,fake_1000,543,fake_1000
539,fake_1000,543,fake_1000
540,fake_1000,543,fake_1000
541,fake_1000,543,fake_1000
542,fake_1000,543,fake_1000
544,fake_1000,547,fake_1000
545,fake_1000,547,fake_1000
546,fake_1000,547,fake_1000
548,fake_1000,553,fake_1000
549,fake_1000,553,fake_1000
550,fake_1000,553,fake_1000
551,fake_1000,553,fake_1000
552,fake_1000,553,fake_1000
554,fake_1000,560,fake_1000
555,fake_1000,560,fake_1000
556,fake_1000,560,fake_1000
557,fake_1000,560,fake_1000
558,fake_1000,560,fake_1000
559,fake_1000,560,fake_1000
562,fake_1000,567,fake_1000
563,fake_1000,567,fake_1000
564,fake_1000,567,fake_1000
565,fake_1000,567,fake_1000
566,fake_1000,567,fake_1000
568,fake_1000,570,fake_1000
569,fake_1000,570,fake_1000
572,fake_1000,574,fake_1000
573,fake_1000,574,fake_1000
575,fake_1000,580,fake_1000
576,fake_1000,580,fake_1000
577,fake_1000,580,fake_1000
578,fake_1000,580,fake_1000
579,fake_1000,580,fake_1000
582,fake_1000,587,fake_1000
583,fake_1000,587,fake_1000
584,fake_1000,587,fake_1000
585,fake_1000,587,fake_1000
586,fake_1000,587,fake_1000
588,fake_1000,592,fake_1000
589,fake_1000,592,fake_1000
590,fake_1000,592,fake_1000
591,fake_1000,592,fake_1000
593,fake_1000,596,fake_1000
594,fake_1000,596,fake_1000
595,fake_1000,596,fake_1000
597,fake_1000,598,fake_1000
599,fake_1000,602,fake_1000
600,fake_1000,602,fake_1000
601,fake_1000,602,fake_1000
606,fake_1000,609,fake_1000
607,fake_1000,609,fake_1000
608,fake_1000,609,fake_1000
610,fake_1000,611,fake_1000
612,fake_1000,614,fake_1000
613,fake_1000,614,fake_1000
617,fake_1000,623,fake_1000
618,fake_1000,623,fake_1000
619,fake_1000,623,fake_1000
620,fake_1000,623,fake_1000
621,fake_1000,623,fake_1000
622,fake_1000,623,fake_1000
631,fake_1000,634,fake_1000
632,fake_1000,634,fake_1000
633,fake_1000,634,fake_1000
635,fake_1000,639,fake_1000
636,fake_1000,639,fake_1000
637,fake_1000,639,fake_1000
638,fake_1000,639,fake_1000
640,fake_1000,642,fake_1000
641,fake_1000,642,fake_1000
644,fake_1000,645,fake_1000
646,fake_1000,647,fake_1000
648,fake_1000,651,fake_1000
649,fake_1000,651,fake_1000
650,fake_1000,651,fake_1000
652,fake_1000,656,fake_1000
653,fake_1000,656,fake_1000
654,fake_1000,656,fake_1000
655,fake_1000,656,fake_1000
657,fake_1000,658,fake_1000
659,fake_1000,661,fake_1000
660,fake_1000,661,fake_1000
662,fake_1000,668,fake_1000
663,fake_1000,668,fake_1000
664,fake_1000,668,fake_1000
665,fake_1000,668,fake_1000
666,fake_1000,668,fake_1000
667,fake_1000,668,fake_1000
669,fake_1000,673,fake_1000
670,fake_1000,673,fake_1000
671,fake_1000,673,fake_1000
672,fake_1000,673,fake_1000
675,fake_1000,677,fake_1000
676,fake_1000,677,fake_1000
679,fake_1000,682,fake_1000
680,fake_1000,682,fake_1000
681,fake_1000,682,fake_1000
683,fake_1000,688,fake_1000
684,fake_1000,688,fake_1000
685,fake_1000,688,fake_1000
686,fake_1000,688,fake_1000
687,fake_1000,688,fake_1000
689,fake_1000,693,fake_1000
690,fake_1000,693,fake_1000
691,fake_1000,693,fake_1000
692,fake_1000,693,fake_1000
695,fake_1000,701,fake_1000
696,fake_1000,701,fake_1000
697,fake_1000,701,fake_1000
698,fake_1000,701,fake_1000
699,fake_1000,701,fake_1000
700,fake_1000,701,fake_1000
702,fake_1000,704,fake_1000
703,fake_1000,704,fake_1000
705,fake_1000,711,fake_1000
706,fake_1000,711,fake_1000
707,fake_1000,711,fake_1000
708,fake_1000,711,fake_1000
709,fake_1000,711,fake_1000
710,fake_1000,711,fake_1000
712,fake_1000,714,fake_1000
713,fake_1000,714,fake_1000
715,fake_1000,721,fake_1000
716,fake_1000,721,fake_1000
717,fake_1000,721,fake_1000
718,fake_1000,721,fake_1000
719,fake_1000,721,fake_1000
720,fake_1000,721,fake_1000
722,fake_1000,728,fake_1000
723,fake_1000,728,fake_1000
724,fake_1000,728,fake_1000
725,fake_1000,728,fake_1000
726,fake_1000,728,fake_1000
727,fake_1000,728,fake_1000
730,fake_1000,734,fake_1000
731,fake_1000,734,fake_1000
732,fake_1000,734,fake_1000
733,fake_1000,734,fake_1000
735,fake_1000,736,fake_1000
737,fake_1000,742,fake_1000
738,fake_1000,742,fake_1000
739,fake_1000,742,fake_1000
740,fake_1000,742,fake_1000
741,fake_1000,742,fake_1000
745,fake_1000,746,fake_1000
747,fake_1000,749,fake_1000
748,fake_1000,749,fake_1000
750,fake_1000,754,fake_1000
751,fake_1000,754,fake_1000
752,fake_1000,754,fake_1000
753,fake_1000,754,fake_1000
755,fake_1000,761,fake_1000
756,fake_1000,761,fake_1000
757,fake_1000,761,fake_1000
758,fake_1000,761,fake_1000
759,fake_1000,761,fake_1000
760,fake_1000,761,fake_1000
762,fake_1000,764,fake_1000
763,fake_1000,764,fake_1000
765,fake_1000,769,fake_1000
766,fake_1000,769,fake_1000
767,fake_1000,769,fake_1000
768,fake_1000,769,fake_1000
770,fake_1000,771,fake_1000
772,fake_1000,778,fake_1000
773,fake_1000,778,fake_1000
774,fake_1000,778,fake_1000
775,fake_1000,778,fake_1000
776,fake_1000,778,fake_1000
777,fake_1000,778,fake_1000
779,fake_1000,783,fake_1000
780,fake_1000,783,fake_1000
781,fake_1000,783,fake_1000
782,fake_1000,783,fake_1000
784,fake_1000,785,fake_1000
786,fake_1000,791,fake_1000
787,fake_1000,791,fake_1000
788,fake_1000,791,fake_1000
789,fake_1000,791,fake_1000
790,fake_1000,791,fake_1000
792,fake_1000,797,fake_1000
793,fake_1000,797,fake_1000
794,fake_1000,797,fake_1000
795,fake_1000,797,fake_1000
796,fake_1000,797,fake_1000
798,fake_1000,804,fake_1000
799,fake_1000,804,fake_1000
800,fake_1000,804,fake_1000
801,fake_1000,804,fake_1000
802,fake_1000,804,fake_1000
803,fake_1000,804,fake_1000
807,fake_1000,813,fake_1000
808,fake_1000,813,fake_1000
809,fake_1000,813,fake_1000
810,fake_1000,813,fake_1000
811,fake_1000,813,fake_1000
812,fake_1000,813,fake_1000
814,fake_1000,820,fake_1000
815,fake_1000,820,fake_1000
816,fake_1000,820,fake_1000
817,fake_1000,820,fake_1000
818,fake_1000,820,fake_1000
819,fake_1000,820,fake_1000
821,fake_1000,825,fake_1000
822,fake_1000,825,fake_1000
823,fake_1000,825,fake_1000
824,fake_1000,825,fake_1000
826,fake_1000,828,fake_1000
827,fake_1000,828,fake_1000
829,fake_1000,834,fake_1000
830,fake_1000,834,fake_1000
831,fake_1000,834,fake_1000
832,fake_1000,834,fake_1000
833,fake_1000,834,fake_1000
835,fake_1000,841,fake_1000
836,fake_1000,841,fake_1000
837,fake_1000,841,fake_1000
838,fake_1000,841,fake_1000
839,fake_1000,841,fake_1000
840,fake_1000,841,fake_1000
842,fake_1000,845,fake_1000
843,fake_1000,845,fake_1000
844,fake_1000,845,fake_1000
846,fake_1000,847,fake_1000
848,fake_1000,854,fake_1000
849,fake_1000,854,fake_1000
850,fake_1000,854,fake_1000
851,fake_1000,854,fake_1000
852,fake_1000,854,fake_1000
853,fake_1000,854,fake_1000
855,fake_1000,860,fake_1000
856,fake_1000,860,fake_1000
857,fake_1000,860,fake_1000
858,fake_1000,860,fake_1000
859,fake_1000,860,fake_1000
861,fake_1000,866,fake_1000
862,fake_1000,866,fake_1000
863,fake_1000,866,fake_1000
864,fake_1000,866,fake_1000
865,fake_1000,866,fake_1000
867,fake_1000,869,fake_1000
868,fake_1000,869,fake_1000
870,fake_1000,871,fake_1000
872,fake_1000,878,fake_1000
873,fake_1000,878,fake_1000
874,fake_1000,878,fake_1000
875,fake_1000,878,fake_1000
876,fake_1000,878,fake_1000
877,fake_1000,878,fake_1000
879,fake_1000,880,fake_1000
881,fake_1000,883,fake_1000
882,fake_1000,883,fake_1000
884,fake_1000,886,fake_1000
885,fake_1000,886,fake_1000
887,fake_1000,893,fake_1000
888,fake_1000,893,fake_1000
889,fake_1000,893,fake_1000
890,fake_1000,893,fake_1000
891,fake_1000,893,fake_1000
892,fake_1000,893,fake_1000
894,fake_1000,897,fake_1000
895,fake_1000,897,fake_1000
896,fake_1000,897,fake_1000
898,fake_1000,904,fake_1000
899,fake_1000,904,fake_1000
900,fake_1000,904,fake_1000
901,fake_1000,904,fake_1000
902,fake_1000,904,fake_1000
903,fake_1000,904,fake_1000
906,fake_1000,907,fake_1000
908,fake_1000,910,fake_1000
909,fake_1000,910,fake_1000
911,fake_1000,912,fake_1000
913,fake_1000,917,fake_1000
914,fake_1000,917,fake_1000
915,fake_1000,917,fake_1000
916,fake_1000,917,fake_1000
918,fake_1000,922,fake_1000
919,fake_1000,922,fake_1000
920,fake_1000,922,fake_1000
921,fake_1000,922,fake_1000
923,fake_1000,925,fake_1000
924,fake_1000,925,fake_1000
926,fake_1000,927,fake_1000
928,fake_1000,934,fake_1000
929,fake_1000,934,fake_1000
930,fake_1000,934,fake_1000
931,fake_1000,934,fake_1000
932,fake_1000,934,fake_1000
933,fake_1000,934,fake_1000
935,fake_1000,936,fake_1000
937,fake_1000,943,fake_1000
938,fake_1000,943,fake_1000
939,fake_1000,943,fake_1000
940,fake_1000,943,fake_1000
941,fake_1000,943,fake_1000
942,fake_1000,943,fake_1000
944,fake_1000,945,fake_1000
946,fake_1000,949,fake_1000
947,fake_1000,949,fake_1000
948,fake_1000,949,fake_1000
950,fake_1000,953,fake_1000
951,fake_1000,953,fake_1000
952,fake_1000,953,fake_1000
954,fake_1000,956,fake_1000
955,fake_1000,956,fake_1000
958,fake_1000,960,fake_1000
959,fake_1000,960,fake_1000
961,fake_1000,966,fake_1000
962,fake_1000,966,fake_1000
963,fake_1000,966,fake_1000
964,fake_1000,966,fake_1000
965,fake_1000,966,fake_1000
967,fake_1000,969,fake_1000
968,fake_1000,969,fake_1000
971,fake_1000,977,fake_1000
972,fake_1000,977,fake_1000
973,fake_1000,977,fake_1000
974,fake_1000,977,fake_1000
975,fake_1000,977,fake_1000
976,fake_1000,977,fake_1000
978,fake_1000,984,fake_1000
979,fake_1000,984,fake_1000
980,fake_1000,984,fake_1000
981,fake_1000,984,fake_1000
982,fake_1000,984,fake_1000
983,fake_1000,984,fake_1000
985,fake_1000,991,fake_1000
986,fake_1000,991,fake_1000
987,fake_1000,991,fake_1000
988,fake_1000,991,fake_1000
989,fake_1000,991,fake_1000
990,fake_1000,991,fake_1000
993,fake_1000,996,fake_1000
994,fake_1000,996,fake_1000
995,fake_1000,996,fake_1000
997,fake_1000,999,fake_1000
998,fake_1000,999,fake_1000
0,fake_1000,2,fake_1000
1,fake_1000,2,fake_1000
7,fake_1000,9,fake_1000
8,fake_1000,9,fake_1000
11,fake_1000,12,fake_1000
18,fake_1000,19,fake_1000
22,fake_1000,23,fake_1000
25,fake_1000,29,fake_1000
26,fake_1000,29,fake_1000
27,fake_1000,29,fake_1000
28,fake_1000,29,fake_1000
31,fake_1000,35,fake_1000
32,fake_1000,35,fake_1000
33,fake_1000,35,fake_1000
34,fake_1000,35,fake_1000
37,fake_1000,42,fake_1000
38,fake_1000,42,fake_1000
39,fake_1000,42,fake_1000
40,fake_1000,42,fake_1000
41,fake_1000,42,fake_1000
44,fake_1000,45,fake_1000
47,fake_1000,49,fake_1000
48,fake_1000,49,fake_1000
51,fake_1000,56,fake_1000
52,fake_1000,56,fake_1000
53,fake_1000,56,fake_1000
54,fake_1000,56,fake_1000
55,fake_1000,56,fake_1000
59,fake_1000,61,fake_1000
60,fake_1000,61,fake_1000
63,fake_1000,66,fake_1000
64,fake_1000,66,fake_1000
65,fake_1000,66,fake_1000
68,fake_1000,70,fake_1000
69,fake_1000,70,fake_1000
75,fake_1000,77,fake_1000
76,fake_1000,77,fake_1000
79,fake_1000,83,fake_1000
80,fake_1000,83,fake_1000
81,fake_1000,83,fake_1000
82,fake_1000,83,fake_1000
87,fake_1000,88,fake_1000
90,fake_1000,94,fake_1000
91,fake_1000,94,fake_1000
92,fake_1000,94,fake_1000
93,fake_1000,94,fake_1000
96,fake_1000,99,fake_1000
97,fake_1000,99,fake_1000
98,fake_1000,99,fake_1000
101,fake_1000,104,fake_1000
102,fake_1000,104,fake_1000
103,fake_1000,104,fake_1000
106,fake_1000,107,fake_1000
109,fake_1000,114,fake_1000
110,fake_1000,114,fake_1000
111,fake_1000,114,fake_1000
112,fake_1000,114,fake_1000
113,fake_1000,114,fake_1000
118,fake_1000,121,fake_1000
119,fake_1000,121,fake_1000
120,fake_1000,121,fake_1000
123,fake_1000,126,fake_1000
124,fake_1000,126,fake_1000
125,fake_1000,126,fake_1000
128,fake_1000,133,fake_1000
129,fake_1000,133,fake_1000
130,fake_1000,133,fake_1000
131,fake_1000,133,fake_1000
132,fake_1000,133,fake_1000
137,fake_1000,140,fake_1000
138,fake_1000,140,fake_1000
139,fake_1000,140,fake_1000
142,fake_1000,146,fake_1000
143,fake_1000,146,fake_1000
144,fake_1000,146,fake_1000
145,fake_1000,146,fake_1000
148,fake_1000,150,fake_1000
149,fake_1000,150,fake_1000
155,fake_1000,157,fake_1000
156,fake_1000,157,fake_1000
159,fake_1000,163,fake_1000
160,fake_1000,163,fake_1000
161,fake_1000,163,fake_1000
162,fake_1000,163,fake_1000
165,fake_1000,169,fake_1000
166,fake_1000,169,fake_1000
167,fake_1000,169,fake_1000
168,fake_1000,169,fake_1000
171,fake_1000,174,fake_1000
172,fake_1000,174,fake_1000
173,fake_1000,174,fake_1000
176,fake_1000,179,fake_1000
177,fake_1000,179,fake_1000
178,fake_1000,179,fake_1000
181,fake_1000,185,fake_1000
182,fake_1000,185,fake_1000
183,fake_1000,185,fake_1000
184,fake_1000,185,fake_1000
190,fake_1000,194,fake_1000
191,fake_1000,194,fake_1000
192,fake_1000,194,fake_1000
193,fake_1000,194,fake_1000
196,fake_1000,198,fake_1000
197,fake_1000,198,fake_1000
200,fake_1000,202,fake_1000
201,fake_1000,202,fake_1000
204,fake_1000,205,fake_1000
207,fake_1000,211,fake_1000
208,fake_1000,211,fake_1000
209,fake_1000,211,fake_1000
210,fake_1000,211,fake_1000
213,fake_1000,218,fake_1000
214,fake_1000,218,fake_1000
215,fake_1000,218,fake_1000
216,fake_1000,218,fake_1000
217,fake_1000,218,fake_1000
220,fake_1000,224,fake_1000
221,fake_1000,224,fake_1000
222,fake_1000,224,fake_1000
223,fake_1000,224,fake_1000
226,fake_1000,227,fake_1000
229,fake_1000,232,fake_1000
230,fake_1000,232,fake_1000
231,fake_1000,232,fake_1000
236,fake_1000,241,fake_1000
237,fake_1000,241,fake_1000
238,fake_1000,241,fake_1000
239,fake_1000,241,fake_1000
240,fake_1000,241,fake_1000
244,fake_1000,249,fake_1000
245,fake_1000,249,fake_1000
246,fake_1000,249,fake_1000
247,fake_1000,249,fake_1000
248,fake_1000,249,fake_1000
251,fake_1000,256,fake_1000
252,fake_1000,256,fake_1000
253,fake_1000,256,fake_1000
254,fake_1000,256,fake_1000
255,fake_1000,256,fake_1000
258,fake_1000,263,fake_1000
259,fake_1000,263,fake_1000
260,fake_1000,263,fake_1000
261,fake_1000,263,fake_1000
262,fake_1000,263,fake_1000
265,fake_1000,266,fake_1000
268,fake_1000,270,fake_1000
269,fake_1000,270,fake_1000
274,fake_1000,279,fake_1000
275,fake_1000,279,fake_1000
276,fake_1000,279,fake_1000
277,fake_1000,279,fake_1000
278,fake_1000,279,fake_1000
285,fake_1000,287,fake_1000
286,fake_1000,287,fake_1000
289,fake_1000,294,fake_1000
290,fake_1000,294,fake_1000
291,fake_1000,294,fake_1000
292,fake_1000,294,fake_1000
293,fake_1000,294,fake_1000
296,fake_1000,297,fake_1000
302,fake_1000,303,fake_1000
305,fake_1000,307,fake_1000
306,fake_1000,307,fake_1000
312,fake_1000,313,fake_1000
315,fake_1000,318,fake_1000
316,fake_1000,318,fake_1000
317,fake_1000,318,fake_1000
320,fake_1000,322,fake_1000
321,fake_1000,322,fake_1000
324,fake_1000,328,fake_1000
325,fake_1000,328,fake_1000
326,fake_1000,328,fake_1000
327,fake_1000,328,fake_1000
330,fake_1000,332,fake_1000
331,fake_1000,332,fake_1000
334,fake_1000,337,fake_1000
335,fake_1000,337,fake_1000
336,fake_1000,337,fake_1000
342,fake_1000,347,fake_1000
343,fake_1000,347,fake_1000
344,fake_1000,347,fake_1000
345,fake_1000,347,fake_1000
346,fake_1000,347,fake_1000
349,fake_1000,351,fake_1000
350,fake_1000,351,fake_1000
353,fake_1000,357,fake_1000
354,fake_1000,357,fake_1000
355,fake_1000,357,fake_1000
356,fake_1000,357,fake_1000
359,fake_1000,362,fake_1000
360,fake_1000,362,fake_1000
361,fake_1000,362,fake_1000
364,fake_1000,368,fake_1000
365,fake_1000,368,fake_1000
366,fake_1000,368,fake_1000
367,fake_1000,368,fake_1000
370,fake_1000,372,fake_1000
371,fake_1000,372,fake_1000
374,fake_1000,379,fake_1000
375,fake_1000,379,fake_1000
376,fake_1000,379,fake_1000
377,fake_1000,379,fake_1000
378,fake_1000,379,fake_1000
383,fake_1000,387,fake_1000
384,fake_1000,387,fake_1000
385,fake_1000,387,fake_1000
386,fake_1000,387,fake_1000
389,fake_1000,392,fake_1000
390,fake_1000,392,fake_1000
391,fake_1000,392,fake_1000
394,fake_1000,396,fake_1000
395,fake_1000,396,fake_1000
398,fake_1000,403,fake_1000
399,fake_1000,403,fake_1000
400,fake_1000,403,fake_1000
401,fake_1000,403,fake_1000
402,fake_1000,403,fake_1000
405,fake_1000,406,fake_1000
409,fake_1000,411,fake_1000
410,fake_1000,411,fake_1000
415,fake_1000,418,fake_1000
416,fake_1000,418,fake_1000
417,fake_1000,418,fake_1000
421,fake_1000,425,fake_1000
422,fake_1000,425,fake_1000
423,fake_1000,425,fake_1000
424,fake_1000,425,fake_1000
427,fake_1000,430,fake_1000
428,fake_1000,430,fake_1000
429,fake_1000,430,fake_1000
432,fake_1000,437,fake_1000
433,fake_1000,437,fake_1000
434,fake_1000,437,fake_1000
435,fake_1000,437,fake_1000
436,fake_1000,437,fake_1000
439,fake_1000,444,fake_1000
440,fake_1000,444,fake_1000
441,fake_1000,444,fake_1000
442,fake_1000,444,fake_1000
443,fake_1000,444,fake_1000
446,fake_1000,449,fake_1000
447,fake_1000,449,fake_1000
448,fake_1000,449,fake_1000
451,fake_1000,455,fake_1000
452,fake_1000,455,fake_1000
453,fake_1000,455,fake_1000
454,fake_1000,455,fake_1000
457,fake_1000,459,fake_1000
458,fake_1000,459,fake_1000
461,fake_1000,463,fake_1000
462,fake_1000,463,fake_1000
465,fake_1000,469,fake_1000
466,fake_1000,469,fake_1000
467,fake_1000,469,fake_1000
468,fake_1000,469,fake_1000
471,fake_1000,474,fake_1000
472,fake_1000,474,fake_1000
473,fake_1000,474,fake_1000
476,fake_1000,479,fake_1000
477,fake_1000,479,fake_1000
478,fake_1000,479,fake_1000
481,fake_1000,483,fake_1000
482,fake_1000,483,fake_1000
485,fake_1000,486,fake_1000
488,fake_1000,491,fake_1000
489,fake_1000,491,fake_1000
490,fake_1000,491,fake_1000
493,fake_1000,497,fake_1000
494,fake_1000,497,fake_1000
495,fake_1000,497,fake_1000
496,fake_1000,497,fake_1000
499,fake_1000,500,fake_1000
502,fake_1000,507,fake_1000
503,fake_1000,507,fake_1000
504,fake_1000,507,fake_1000
505,fake_1000,507,fake_1000
506,fake_1000,507,fake_1000
509,fake_1000,512,fake_1000
510,fake_1000,512,fake_1000
511,fake_1000,512,fake_1000
514,fake_1000,519,fake_1000
515,fake_1000,519,fake_1000
516,fake_1000,519,fake_1000
517,fake_1000,519,fake_1000
518,fake_1000,519,fake_1000
521,fake_1000,525,fake_1000
522,fake_1000,525,fake_1000
523,fake_1000,525,fake_1000
524,fake_1000,525,fake_1000
527,fake_1000,528,fake_1000
530,fake_1000,531,fake_1000
533,fake_1000,536,fake_1000
534,fake_1000,536,fake_1000
535,fake_1000,536,fake_1000
538,fake_1000,542,fake_1000
539,fake_1000,542,fake_1000
540,fake_1000,542,fake_1000
541,fake_1000,542,fake_1000
544,fake_1000,546,fake_1000
545,fake_1000,546,fake_1000
548,fake_1000,552,fake_1000
549,fake_1000,552,fake_1000
550,fake_1000,552,fake_1000
551,fake_1000,552,fake_1000
554,fake_1000,559,fake_1000
555,fake_1000,559,fake_1000
556,fake_1000,559,fake_1000
557,fake_1000,559,fake_1000
558,fake_1000,559,fake_1000
562,fake_1000,566,fake_1000
563,fake_1000,566,fake_1000
564,fake_1000,566,fake_1000
565,fake_1000,566,fake_1000
568,fake_1000,569,fake_1000
572,fake_1000,573,fake_1000
575,fake_1000,579,fake_1000
576,fake_1000,579,fake_1000
577,fake_1000,579,fake_1000
578,fake_1000,579,fake_1000
582,fake_1000,586,fake_1000
583,fake_1000,586,fake_1000
584,fake_1000,586,fake_1000
585,fake_1000,586,fake_1000
588,fake_1000,591,fake_1000
589,fake_1000,591,fake_1000
590,fake_1000,591,fake_1000
593,fake_1000,595,fake_1000
594,fake_1000,595,fake_1000
599,fake_1000,601,fake_1000
600,fake_1000,601,fake_1000
606,fake_1000,608,fake_1000
607,fake_1000,608,fake_1000
612,fake_1000,613,fake_1000
617,fake_1000,622,fake_1000
618,fake_1000,622,fake_1000
619,fake_1000,622,fake_1000
620,fake_1000,622,fake_1000
621,fake_1000,622,fake_1000
631,fake_1000,633,fake_1000
632,fake_1000,633,fake_1000
635,fake_1000,638,fake_1000
636,fake_1000,638,fake_1000
637,fake_1000,638,fake_1000
640,fake_1000,641,fake_1000
648,fake_1000,650,fake_1000
649,fake_1000,650,fake_1000
652,fake_1000,655,fake_1000
653,fake_1000,655,fake_1000
654,fake_1000,655,fake_1000
659,fake_1000,660,fake_1000
662,fake_1000,667,fake_1000
663,fake_1000,667,fake_1000
664,fake_1000,667,fake_1000
665,fake_1000,667,fake_1000
666,fake_1000,667,fake_1000
669,fake_1000,672,fake_1000
670,fake_1000,672,fake_1000
671,fake_1000,672,fake_1000
675,fake_1000,676,fake_1000
679,fake_1000,681,fake_1000
680,fake_1000,681,fake_1000
683,fake_1000,687,fake_1000
684,fake_1000,687,fake_1000
685,fake_1000,687,fake_1000
686,fake_1000,687,fake_1000
689,fake_1000,692,fake_1000
690,fake_1000,692,fake_1000
691,fake_1000,692,fake_1000
695,fake_1000,700,fake_1000
696,fake_1000,700,fake_1000
697,fake_1000,700,fake_1000
698,fake_1000,700,fake_1000
699,fake_1000,700,fake_1000
702,fake_1000,703,fake_1000
705,fake_1000,710,fake_1000
706,fake_1000,710,fake_1000
707,fake_1000,710,fake_1000
708,fake_1000,710,fake_1000
709,fake_1000,710,fake_1000
712,fake_1000,713,fake_1000
715,fake_1000,720,fake_1000
716,fake_1000,720,fake_1000
717,fake_1000,720,fake_1000
718,fake_1000,720,fake_1000
719,fake_1000,720,fake_1000
722,fake_1000,727,fake_1000
723,fake_1000,727,fake_1000
724,fake_1000,727,fake_1000
725,fake_1000,727,fake_1000
726,fake_1000,727,fake_1000
730,fake_1000,733,fake_1000
731,fake_1000,733,fake_1000
732,fake_1000,733,fake_1000
737,fake_1000,741,fake_1000
738,fake_1000,741,fake_1000
739,fake_1000,741,fake_1000
740,fake_1000,741,fake_1000
747,fake_1000,748,fake_1000
750,fake_1000,753,fake_1000
751,fake_1000,753,fake_1000
752,fake_1000,753,fake_1000
755,fake_1000,760,fake_1000
756,fake_1000,760,fake_1000
757,fake_1000,760,fake_1000
758,fake_1000,760,fake_1000
759,fake_1000,760,fake_1000
762,fake_1000,763,fake_1000
765,fake_1000,768,fake_1000
766,fake_1000,768,fake_1000
767,fake_1000,768,fake_1000
772,fake_1000,777,fake_1000
773,fake_1000,777,fake_1000
774,fake_1000,777,fake_1000
775,fake_1000,777,fake_1000
776,fake_1000,777,fake_1000
779,fake_1000,782,fake_1000
780,fake_1000,782,fake_1000
781,fake_1000,782,fake_1000
786,fake_1000,790,fake_1000
787,fake_1000,790,fake_1000
788,fake_1000,790,fake_1000
789,fake_1000,790,fake_1000
792,fake_1000,796,fake_1000
793,fake_1000,796,fake_1000
794,fake_1000,796,fake_1000
795,fake_1000,796,fake_1000
798,fake_1000,803,fake_1000
799,fake_1000,803,fake_1000
800,fake_1000,803,fake_1000
801,fake_1000,803,fake_1000
802,fake_1000,803,fake_1000
807,fake_1000,812,fake_1000
808,fake_1000,812,fake_1000
809,fake_1000,812,fake_1000
810,fake_1000,812,fake_1000
811,fake_1000,812,fake_1000
814,fake_1000,819,fake_1000
815,fake_1000,819,fake_1000
816,fake_1000,819,fake_1000
817,fake_1000,819,fake_1000
818,fake_1000,819,fake_1000
821,fake_1000,824,fake_1000
822,fake_1000,824,fake_1000
823,fake_1000,824,fake_1000
826,fake_1000,827,fake_1000
829,fake_1000,833,fake_1000
830,fake_1000,833,fake_1000
831,fake_1000,833,fake_1000
832,fake_1000,833,fake_1000
835,fake_1000,840,fake_1000
836,fake_1000,840,fake_1000
837,fake_1000,840,fake_1000
838,fake_1000,840,fake_1000
839,fake_1000,840,fake_1000
842,fake_1000,844,fake_1000
843,fake_1000,844,fake_1000
848,fake_1000,853,fake_1000
849,fake_1000,853,fake_1000
850,fake_1000,853,fake_1000
851,fake_1000,853,fake_1000
852,fake_1000,853,fake_1000
855,fake_1000,859,fake_1000
856,fake_1000,859,fake_1000
857,fake_1000,859,fake_1000
858,fake_1000,859,fake_1000
861,fake_1000,865,fake_1000
862,fake_1000,865,fake_1000
863,fake_1000,865,fake_1000
864,fake_1000,865,fake_1000
867,fake_1000,868,fake_1000
872,fake_1000,877,fake_1000
873,fake_1000,877,fake_1000
874,fake_1000,877,fake_1000
875,fake_1000,877,fake_1000
876,fake_1000,877,fake_1000
881,fake_1000,882,fake_1000
884,fake_1000,885,fake_1000
887,fake_1000,892,fake_1000
888,fake_1000,892,fake_1000
889,fake_1000,892,fake_1000
890,fake_1000,892,fake_1000
891,fake_1000,892,fake_1000
894,fake_1000,896,fake_1000
895,fake_1000,896,fake_1000
898,fake_1000,903,fake_1000
899,fake_1000,903,fake_1000
900,fake_1000,903,fake_1000
901,fake_1000,903,fake_1000
902,fake_1000,903,fake_1000
908,fake_1000,909,fake_1000
913,fake_1000,916,fake_1000
914,fake_1000,916,fake_1000
915,fake_1000,916,fake_1000
918,fake_1000,921,fake_1000
919,fake_1000,921,fake_1000
920,fake_1000,921,fake_1000
923,fake_1000,924,fake_1000
928,fake_1000,933,fake_1000
929,fake_1000,933,fake_1000
930,fake_1000,933,fake_1000
931,fake_1000,933,fake_1000
932,fake_1000,933,fake_1000
937,fake_1000,942,fake_1000
938,fake_1000,942,fake_1000
939,fake_1000,942,fake_1000
940,fake_1000,942,fake_1000
941,fake_1000,942,fake_1000
946,fake_1000,948,fake_1000
947,fake_1000,948,fake_1000
950,fake_1000,952,fake_1000
951,fake_1000,952,fake_1000
954,fake_1000,955,fake_1000
958,fake_1000,959,fake_1000
961,fake_1000,965,fake_1000
962,fake_1000,965,fake_1000
963,fake_1000,965,fake_1000
964,fake_1000,965,fake_1000
967,fake_1000,968,fake_1000
971,fake_1000,976,fake_1000
972,fake_1000,976,fake_1000
973,fake_1000,976,fake_1000
974,fake_1000,976,fake_1000
975,fake_1000,976,fake_1000
978,fake_1000,983,fake_1000
979,fake_1000,983,fake_1000
980,fake_1000,983,fake_1000
981,fake_1000,983,fake_1000
982,fake_1000,983,fake_1000
985,fake_1000,990,fake_1000
986,fake_1000,990,fake_1000
987,fake_1000,990,fake_1000
988,fake_1000,990,fake_1000
989,fake_1000,990,fake_1000
993,fake_1000,995,fake_1000
994,fake_1000,995,fake_1000
997,fake_1000,998,fake_1000
0,fake_1000,1,fake_1000
7,fake_1000,8,fake_1000
25,fake_1000,28,fake_1000
26,fake_1000,28,fake_1000
27,fake_1000,28,fake_1000
31,fake_1000,34,fake_1000
32,fake_1000,34,fake_1000
33,fake_1000,34,fake_1000
37,fake_1000,41,fake_1000
38,fake_1000,41,fake_1000
39,fake_1000,41,fake_1000
40,fake_1000,41,fake_1000
47,fake_1000,48,fake_1000
51,fake_1000,55,fake_1000
52,fake_1000,55,fake_1000
53,fake_1000,55,fake_1000
54,fake_1000,55,fake_1000
59,fake_1000,60,fake_1000
63,fake_1000,65,fake_1000
64,fake_1000,65,fake_1000
68,fake_1000,69,fake_1000
75,fake_1000,76,fake_1000
79,fake_1000,82,fake_1000
80,fake_1000,82,fake_1000
81,fake_1000,82,fake_1000
90,fake_1000,93,fake_1000
91,fake_1000,93,fake_1000
92,fake_1000,93,fake_1000
96,fake_1000,98,fake_1000
97,fake_1000,98,fake_1000
101,fake_1000,103,fake_1000
102,fake_1000,103,fake_1000
109,fake_1000,113,fake_1000
110,fake_1000,113,fake_1000
111,fake_1000,113,fake_1000
112,fake_1000,113,fake_1000
118,fake_1000,120,fake_1000
119,fake_1000,120,fake_1000
123,fake_1000,125,fake_1000
124,fake_1000,125,fake_1000
128,fake_1000,132,fake_1000
129,fake_1000,132,fake_1000
130,fake_1000,132,fake_1000
131,fake_1000,132,fake_1000
137,fake_1000,139,fake_1000
138,fake_1000,139,fake_1000
142,fake_1000,145,fake_1000
143,fake_1000,145,fake_1000
144,fake_1000,145,fake_1000
148,fake_1000,149,fake_1000
155,fake_1000,156,fake_1000
159,fake_1000,162,fake_1000
160,fake_1000,162,fake_1000
161,fake_1000,162,fake_1000
165,fake_1000,168,fake_1000
166,fake_1000,168,fake_1000
167,fake_1000,168,fake_1000
171,fake_1000,173,fake_1000
172,fake_1000,173,fake_1000
176,fake_1000,178,fake_1000
177,fake_1000,178,fake_1000
181,fake_1000,184,fake_1000
182,fake_1000,184,fake_1000
183,fake_1000,184,fake_1000
190,fake_1000,193,fake_1000
191,fake_1000,193,fake_1000
192,fake_1000,193,fake_1000
196,fake_1000,197,fake_1000
200,fake_1000,201,fake_1000
207,fake_1000,210,fake_1000
208,fake_1000,210,fake_1000
209,fake_1000,210,fake_1000
213,fake_1000,217,fake_1000
214,fake_1000,217,fake_1000
215,fake_1000,217,fake_1000
216,fake_1000,217,fake_1000
220,fake_1000,223,fake_1000
221,fake_1000,223,fake_1000
222,fake_1000,223,fake_1000
229,fake_1000,231,fake_1000
230,fake_1000,231,fake_1000
236,fake_1000,240,fake_1000
237,fake_1000,240,fake_1000
238,fake_1000,240,fake_1000
239,fake_1000,240,fake_1000
244,fake_1000,248,fake_1000
245,fake_1000,248,fake_1000
246,fake_1000,248,fake_1000
247,fake_1000,248,fake_1000
251,fake_1000,255,fake_1000
252,fake_1000,255,fake_1000
253,fake_1000,255,fake_1000
254,fake_1000,255,fake_1000
258,fake_1000,262,fake_1000
259,fake_1000,262,fake_1000
260,fake_1000,262,fake_1000
261,fake_1000,262,fake_1000
268,fake_1000,269,fake_1000
274,fake_1000,278,fake_1000
275,fake_1000,278,fake_1000
276,fake_1000,278,fake_1000
277,fake_1000,278,fake_1000
285,fake_1000,286,fake_1000
289,fake_1000,293,fake_1000
290,fake_1000,293,fake_1000
291,fake_1000,293,fake_1000
292,fake_1000,293,fake_1000
305,fake_1000,306,fake_1000
315,fake_1000,317,fake_1000
316,fake_1000,317,fake_1000
320,fake_1000,321,fake_1000
324,fake_1000,327,fake_1000
325,fake_1000,327,fake_1000
326,fake_1000,327,fake_1000
330,fake_1000,331,fake_1000
334,fake_1000,336,fake_1000
335,fake_1000,336,fake_1000
342,fake_1000,346,fake_1000
343,fake_1000,346,fake_1000
344,fake_1000,346,fake_1000
345,fake_1000,346,fake_1000
349,fake_1000,350,fake_1000
353,fake_1000,356,fake_1000
354,fake_1000,356,fake_1000
355,fake_1000,356,fake_1000
359,fake_1000,361,fake_1000
360,fake_1000,361,fake_1000
364,fake_1000,367,fake_1000
365,fake_1000,367,fake_1000
366,fake_1000,367,fake_1000
370,fake_1000,371,fake_1000
374,fake_1000,378,fake_1000
375,fake_1000,378,fake_1000
376,fake_1000,378,fake_1000
377,fake_1000,378,fake_1000
383,fake_1000,386,fake_1000
384,fake_1000,386,fake_1000
385,fake_1000,386,fake_1000
389,fake_1000,391,fake_1000
390,fake_1000,391,fake_1000
394,fake_1000,395,fake_1000
398,fake_1000,402,fake_1000
399,fake_1000,402,fake_1000
400,fake_1000,402,fake_1000
401,fake_1000,402,fake_1000
409,fake_1000,410,fake_1000
415,fake_1000,417,fake_1000
416,fake_1000,417,fake_1000
421,fake_1000,424,fake_1000
422,fake_1000,424,fake_1000
423,fake_1000,424,fake_1000
427,fake_1000,429,fake_1000
428,fake_1000,429,fake_1000
432,fake_1000,436,fake_1000
433,fake_1000,436,fake_1000
434,fake_1000,436,fake_1000
435,fake_1000,436,fake_1000
439,fake_1000,443,fake_1000
440,fake_1000,443,fake_1000
441,fake_1000,443,fake_1000
442,fake_1000,443,fake_1000
446,fake_1000,448,fake_1000
447,fake_1000,448,fake_1000
451,fake_1000,454,fake_1000
452,fake_1000,454,fake_1000
453,fake_1000,454,fake_1000
457,fake_1000,458,fake_1000
461,fake_1000,462,fake_1000
465,fake_1000,468,fake_1000
466,fake_1000,468,fake_1000
467,fake_1000,468,fake_1000
471,fake_1000,473,fake_1000
472,fake_1000,473,fake_1000
476,fake_1000,478,fake_1000
477,fake_1000,478,fake_1000
481,fake_1000,482,fake_1000
488,fake_1000,490,fake_1000
489,fake_1000,490,fake_1000
493,fake_1000,496,fake_1000
494,fake_1000,496,fake_1000
495,fake_1000,496,fake_1000
502,fake_1000,506,fake_1000
503,fake_1000,506,fake_1000
504,fake_1000,506,fake_1000
505,fake_1000,506,fake_1000
509,fake_1000,511,fake_1000
510,fake_1000,511,fake_1000
514,fake_1000,518,fake_1000
515,fake_1000,518,fake_1000
516,fake_1000,518,fake_1000
517,fake_1000,518,fake_1000
521,fake_1000,524,fake_1000
522,fake_1000,524,fake_1000
523,fake_1000,524,fake_1000
533,fake_1000,535,fake_1000
534,fake_1000,535,fake_1000
538,fake_1000,541,fake_1000
539,fake_1000,541,fake_1000
540,fake_1000,541,fake_1000
544,fake_1000,545,fake_1000
548,fake_1000,551,fake_1000
549,fake_1000,551,fake_1000
550,fake_1000,551,fake_1000
554,fake_1000,558,fake_1000
555,fake_1000,558,fake_1000
556,fake_1000,558,fake_1000
557,fake_1000,558,fake_1000
562,fake_1000,565,fake_1000
563,fake_1000,565,fake_1000
564,fake_1000,565,fake_1000
575,fake_1000,578,fake_1000
576,fake_1000,578,fake_1000
577,fake_1000,578,fake_1000
582,fake_1000,585,fake_1000
583,fake_1000,585,fake_1000
584,fake_1000,585,fake_1000
588,fake_1000,590,fake_1000
589,fake_1000,590,fake_1000
593,fake_1000,594,fake_1000
599,fake_1000,600,fake_1000
606,fake_1000,607,fake_1000
617,fake_1000,621,fake_1000
618,fake_1000,621,fake_1000
619,fake_1000,621,fake_1000
620,fake_1000,621,fake_1000
624,fake_1000,630,fake_1000
625,fake_1000,630,fake_1000
626,fake_1000,630,fake_1000
627,fake_1000,630,fake_1000
628,fake_1000,630,fake_1000
629,fake_1000,630,fake_1000
631,fake_1000,632,fake_1000
635,fake_1000,637,fake_1000
636,fake_1000,637,fake_1000
648,fake_1000,649,fake_1000
652,fake_1000,654,fake_1000
653,fake_1000,654,fake_1000
662,fake_1000,666,fake_1000
663,fake_1000,666,fake_1000
664,fake_1000,666,fake_1000
665,fake_1000,666,fake_1000
669,fake_1000,671,fake_1000
670,fake_1000,671,fake_1000
679,fake_1000,680,fake_1000
683,fake_1000,686,fake_1000
684,fake_1000,686,fake_1000
685,fake_1000,686,fake_1000
689,fake_1000,691,fake_1000
690,fake_1000,691,fake_1000
695,fake_1000,699,fake_1000
696,fake_1000,699,fake_1000
697,fake_1000,699,fake_1000
698,fake_1000,699,fake_1000
705,fake_1000,709,fake_1000
706,fake_1000,709,fake_1000
707,fake_1000,709,fake_1000
708,fake_1000,709,fake_1000
715,fake_1000,719,fake_1000
716,fake_1000,719,fake_1000
717,fake_1000,719,fake_1000
718,fake_1000,719,fake_1000
722,fake_1000,726,fake_1000
723,fake_1000,726,fake_1000
724,fake_1000,726,fake_1000
725,fake_1000,726,fake_1000
730,fake_1000,732,fake_1000
731,fake_1000,732,fake_1000
737,fake_1000,740,fake_1000
738,fake_1000,740,fake_1000
739,fake_1000,740,fake_1000
750,fake_1000,752,fake_1000
751,fake_1000,752,fake_1000
755,fake_1000,759,fake_1000
756,fake_1000,759,fake_1000
757,fake_1000,759,fake_1000
758,fake_1000,759,fake_1000
765,fake_1000,767,fake_1000
766,fake_1000,767,fake_1000
772,fake_1000,776,fake_1000
773,fake_1000,776,fake_1000
774,fake_1000,776,fake_1000
775,fake_1000,776,fake_1000
779,fake_1000,781,fake_1000
780,fake_1000,781,fake_1000
786,fake_1000,789,fake_1000
787,fake_1000,789,fake_1000
788,fake_1000,789,fake_1000
792,fake_1000,795,fake_1000
793,fake_1000,795,fake_1000
794,fake_1000,795,fake_1000
798,fake_1000,802,fake_1000
799,fake_1000,802,fake_1000
800,fake_1000,802,fake_1000
801,fake_1000,802,fake_1000
807,fake_1000,811,fake_1000
808,fake_1000,811,fake_1000
809,fake_1000,811,fake_1000
810,fake_1000,811,fake_1000
814,fake_1000,818,fake_1000
815,fake_1000,818,fake_1000
816,fake_1000,818,fake_1000
817,fake_1000,818,fake_1000
821,fake_1000,823,fake_1000
822,fake_1000,823,fake_1000
829,fake_1000,832,fake_1000
830,fake_1000,832,fake_1000
831,fake_1000,832,fake_1000
835,fake_1000,839,fake_1000
836,fake_1000,839,fake_1000
837,fake_1000,839,fake_1000
838,fake_1000,839,fake_1000
842,fake_1000,843,fake_1000
848,fake_1000,852,fake_1000
849,fake_1000,852,fake_1000
850,fake_1000,852,fake_1000
851,fake_1000,852,fake_1000
855,fake_1000,858,fake_1000
856,fake_1000,858,fake_1000
857,fake_1000,858,fake_1000
861,fake_1000,864,fake_1000
862,fake_1000,864,fake_1000
863,fake_1000,864,fake_1000
872,fake_1000,876,fake_1000
873,fake_1000,876,fake_1000
874,fake_1000,876,fake_1000
875,fake_1000,876,fake_1000
887,fake_1000,891,fake_1000
888,fake_1000,891,fake_1000
889,fake_1000,891,fake_1000
890,fake_1000,891,fake_1000
894,fake_1000,895,fake_1000
898,fake_1000,902,fake_1000
899,fake_1000,902,fake_1000
900,fake_1000,902,fake_1000
901,fake_1000,902,fake_1000
913,fake_1000,915,fake_1000
914,fake_1000,915,fake_1000
918,fake_1000,920,fake_1000
919,fake_1000,920,fake_1000
928,fake_1000,932,fake_1000
929,fake_1000,932,fake_1000
930,fake_1000,932,fake_1000
931,fake_1000,932,fake_1000
937,fake_1000,941,fake_1000
938,fake_1000,941,fake_1000
939,fake_1000,941,fake_1000
940,fake_1000,941,fake_1000
946,fake_1000,947,fake_1000
950,fake_1000,951,fake_1000
961,fake_1000,964,fake_1000
962,fake_1000,964,fake_1000
963,fake_1000,964,fake_1000
971,fake_1000,975,fake_1000
972,fake_1000,975,fake_1000
973,fake_1000,975,fake_1000
974,fake_1000,975,fake_1000
978,fake_1000,982,fake_1000
979,fake_1000,982,fake_1000
980,fake_1000,982,fake_1000
981,fake_1000,982,fake_1000
985,fake_1000,989,fake_1000
986,fake_1000,989,fake_1000
987,fake_1000,989,fake_1000
988,fake_1000,989,fake_1000
993,fake_1000,994,fake_1000
25,fake_1000,27,fake_1000
26,fake_1000,27,fake_1000
31,fake_1000,33,fake_1000
32,fake_1000,33,fake_1000
37,fake_1000,40,fake_1000
38,fake_1000,40,fake_1000
39,fake_1000,40,fake_1000
51,fake_1000,54,fake_1000
52,fake_1000,54,fake_1000
53,fake_1000,54,fake_1000
63,fake_1000,64,fake_1000
79,fake_1000,81,fake_1000
80,fake_1000,81,fake_1000
90,fake_1000,92,fake_1000
91,fake_1000,92,fake_1000
96,fake_1000,97,fake_1000
101,fake_1000,102,fake_1000
109,fake_1000,112,fake_1000
110,fake_1000,112,fake_1000
111,fake_1000,112,fake_1000
118,fake_1000,119,fake_1000
123,fake_1000,124,fake_1000
128,fake_1000,131,fake_1000
129,fake_1000,131,fake_1000
130,fake_1000,131,fake_1000
137,fake_1000,138,fake_1000
142,fake_1000,144,fake_1000
143,fake_1000,144,fake_1000
159,fake_1000,161,fake_1000
160,fake_1000,161,fake_1000
165,fake_1000,167,fake_1000
166,fake_1000,167,fake_1000
171,fake_1000,172,fake_1000
176,fake_1000,177,fake_1000
181,fake_1000,183,fake_1000
182,fake_1000,183,fake_1000
190,fake_1000,192,fake_1000
191,fake_1000,192,fake_1000
207,fake_1000,209,fake_1000
208,fake_1000,209,fake_1000
213,fake_1000,216,fake_1000
214,fake_1000,216,fake_1000
215,fake_1000,216,fake_1000
220,fake_1000,222,fake_1000
221,fake_1000,222,fake_1000
229,fake_1000,230,fake_1000
236,fake_1000,239,fake_1000
237,fake_1000,239,fake_1000
238,fake_1000,239,fake_1000
244,fake_1000,247,fake_1000
245,fake_1000,247,fake_1000
246,fake_1000,247,fake_1000
251,fake_1000,254,fake_1000
252,fake_1000,254,fake_1000
253,fake_1000,254,fake_1000
258,fake_1000,261,fake_1000
259,fake_1000,261,fake_1000
260,fake_1000,261,fake_1000
274,fake_1000,277,fake_1000
275,fake_1000,277,fake_1000
276,fake_1000,277,fake_1000
289,fake_1000,292,fake_1000
290,fake_1000,292,fake_1000
291,fake_1000,292,fake_1000
315,fake_1000,316,fake_1000
324,fake_1000,326,fake_1000
325,fake_1000,326,fake_1000
334,fake_1000,335,fake_1000
342,fake_1000,345,fake_1000
343,fake_1000,345,fake_1000
344,fake_1000,345,fake_1000
353,fake_1000,355,fake_1000
354,fake_1000,355,fake_1000
359,fake_1000,360,fake_1000
364,fake_1000,366,fake_1000
365,fake_1000,366,fake_1000
374,fake_1000,377,fake_1000
375,fake_1000,377,fake_1000
376,fake_1000,377,fake_1000
383,fake_1000,385,fake_1000
384,fake_1000,385,fake_1000
389,fake_1000,390,fake_1000
398,fake_1000,401,fake_1000
399,fake_1000,401,fake_1000
400,fake_1000,401,fake_1000
415,fake_1000,416,fake_1000
421,fake_1000,423,fake_1000
422,fake_1000,423,fake_1000
427,fake_1000,428,fake_1000
432,fake_1000,435,fake_1000
433,fake_1000,435,fake_1000
434,fake_1000,435,fake_1000
439,fake_1000,442,fake_1000
440,fake_1000,442,fake_1000
441,fake_1000,442,fake_1000
446,fake_1000,447,fake_1000
451,fake_1000,453,fake_1000
452,fake_1000,453,fake_1000
465,fake_1000,467,fake_1000
466,fake_1000,467,fake_1000
471,fake_1000,472,fake_1000
476,fake_1000,477,fake_1000
488,fake_1000,489,fake_1000
493,fake_1000,495,fake_1000
494,fake_1000,495,fake_1000
502,fake_1000,505,fake_1000
503,fake_1000,505,fake_1000
504,fake_1000,505,fake_1000
509,fake_1000,510,fake_1000
514,fake_1000,517,fake_1000
515,fake_1000,517,fake_1000
516,fake_1000,517,fake_1000
521,fake_1000,523,fake_1000
522,fake_1000,523,fake_1000
533,fake_1000,534,fake_1000
538,fake_1000,540,fake_1000
539,fake_1000,540,fake_1000
548,fake_1000,550,fake_1000
549,fake_1000,550,fake_1000
554,fake_1000,557,fake_1000
555,fake_1000,557,fake_1000
556,fake_1000,557,fake_1000
562,fake_1000,564,fake_1000
563,fake_1000,564,fake_1000
575,fake_1000,577,fake_1000
576,fake_1000,577,fake_1000
582,fake_1000,584,fake_1000
583,fake_1000,584,fake_1000
588,fake_1000,589,fake_1000
617,fake_1000,620,fake_1000
618,fake_1000,620,fake_1000
619,fake_1000,620,fake_1000
624,fake_1000,629,fake_1000
625,fake_1000,629,fake_1000
626,fake_1000,629,fake_1000
627,fake_1000,629,fake_1000
628,fake_1000,629,fake_1000
635,fake_1000,636,fake_1000
652,fake_1000,653,fake_1000
662,fake_1000,665,fake_1000
663,fake_1000,665,fake_1000
664,fake_1000,665,fake_1000
669,fake_1000,670,fake_1000
683,fake_1000,685,fake_1000
684,fake_1000,685,fake_1000
689,fake_1000,690,fake_1000
695,fake_1000,698,fake_1000
696,fake_1000,698,fake_1000
697,fake_1000,698,fake_1000
705,fake_1000,708,fake_1000
706,fake_1000,708,fake_1000
707,fake_1000,708,fake_1000
715,fake_1000,718,fake_1000
716,fake_1000,718,fake_1000
717,fake_1000,718,fake_1000
722,fake_1000,725,fake_1000
723,fake_1000,725,fake_1000
724,fake_1000,725,fake_1000
730,fake_1000,731,fake_1000
737,fake_1000,739,fake_1000
738,fake_1000,739,fake_1000
750,fake_1000,751,fake_1000
755,fake_1000,758,fake_1000
756,fake_1000,758,fake_1000
757,fake_1000,758,fake_1000
765,fake_1000,766,fake_1000
772,fake_1000,775,fake_1000
773,fake_1000,775,fake_1000
774,fake_1000,775,fake_1000
779,fake_1000,780,fake_1000
786,fake_1000,788,fake_1000
787,fake_1000,788,fake_1000
792,fake_1000,794,fake_1000
793,fake_1000,794,fake_1000
798,fake_1000,801,fake_1000
799,fake_1000,801,fake_1000
800,fake_1000,801,fake_1000
807,fake_1000,810,fake_1000
808,fake_1000,810,fake_1000
809,fake_1000,810,fake_1000
814,fake_1000,817,fake_1000
815,fake_1000,817,fake_1000
816,fake_1000,817,fake_1000
821,fake_1000,822,fake_1000
829,fake_1000,831,fake_1000
830,fake_1000,831,fake_1000
835,fake_1000,838,fake_1000
836,fake_1000,838,fake_1000
837,fake_1000,838,fake_1000
848,fake_1000,851,fake_1000
849,fake_1000,851,fake_1000
850,fake_1000,851,fake_1000
855,fake_1000,857,fake_1000
856,fake_1000,857,fake_1000
861,fake_1000,863,fake_1000
862,fake_1000,863,fake_1000
872,fake_1000,875,fake_1000
873,fake_1000,875,fake_1000
874,fake_1000,875,fake_1000
887,fake_1000,890,fake_1000
888,fake_1000,890,fake_1000
889,fake_1000,890,fake_1000
898,fake_1000,901,fake_1000
899,fake_1000,901,fake_1000
900,fake_1000,901,fake_1000
913,fake_1000,914,fake_1000
918,fake_1000,919,fake_1000
928,fake_1000,931,fake_1000
929,fake_1000,931,fake_1000
930,fake_1000,931,fake_1000
937,fake_1000,940,fake_1000
938,fake_1000,940,fake_1000
939,fake_1000,940,fake_1000
961,fake_1000,963,fake_1000
962,fake_1000,963,fake_1000
971,fake_1000,974,fake_1000
972,fake_1000,974,fake_1000
973,fake_1000,974,fake_1000
978,fake_1000,981,fake_1000
979,fake_1000,981,fake_1000
980,fake_1000,981,fake_1000
985,fake_1000,988,fake_1000
986,fake_1000,988,fake_1000
987,fake_1000,988,fake_1000
25,fake_1000,26,fake_1000
31,fake_1000,32,fake_1000
37,fake_1000,39,fake_1000
38,fake_1000,39,fake_1000
51,fake_1000,53,fake_1000
52,fake_1000,53,fake_1000
79,fake_1000,80,fake_1000
90,fake_1000,91,fake_1000
109,fake_1000,111,fake_1000
110,fake_1000,111,fake_1000
128,fake_1000,130,fake_1000
129,fake_1000,130,fake_1000
142,fake_1000,143,fake_1000
159,fake_1000,160,fake_1000
165,fake_1000,166,fake_1000
181,fake_1000,182,fake_1000
190,fake_1000,191,fake_1000
207,fake_1000,208,fake_1000
213,fake_1000,215,fake_1000
214,fake_1000,215,fake_1000
220,fake_1000,221,fake_1000
236,fake_1000,238,fake_1000
237,fake_1000,238,fake_1000
244,fake_1000,246,fake_1000
245,fake_1000,246,fake_1000
251,fake_1000,253,fake_1000
252,fake_1000,253,fake_1000
258,fake_1000,260,fake_1000
259,fake_1000,260,fake_1000
274,fake_1000,276,fake_1000
275,fake_1000,276,fake_1000
289,fake_1000,291,fake_1000
290,fake_1000,291,fake_1000
324,fake_1000,325,fake_1000
342,fake_1000,344,fake_1000
343,fake_1000,344,fake_1000
353,fake_1000,354,fake_1000
364,fake_1000,365,fake_1000
374,fake_1000,376,fake_1000
375,fake_1000,376,fake_1000
383,fake_1000,384,fake_1000
398,fake_1000,400,fake_1000
399,fake_1000,400,fake_1000
421,fake_1000,422,fake_1000
432,fake_1000,434,fake_1000
433,fake_1000,434,fake_1000
439,fake_1000,441,fake_1000
440,fake_1000,441,fake_1000
451,fake_1000,452,fake_1000
465,fake_1000,466,fake_1000
493,fake_1000,494,fake_1000
502,fake_1000,504,fake_1000
503,fake_1000,504,fake_1000
514,fake_1000,516,fake_1000
515,fake_1000,516,fake_1000
521,fake_1000,522,fake_1000
538,fake_1000,539,fake_1000
548,fake_1000,549,fake_1000
554,fake_1000,556,fake_1000
555,fake_1000,556,fake_1000
562,fake_1000,563,fake_1000
575,fake_1000,576,fake_1000
582,fake_1000,583,fake_1000
617,fake_1000,619,fake_1000
618,fake_1000,619,fake_1000
624,fake_1000,628,fake_1000
625,fake_1000,628,fake_1000
626,fake_1000,628,fake_1000
627,fake_1000,628,fake_1000
662,fake_1000,664,fake_1000
663,fake_1000,664,fake_1000
683,fake_1000,684,fake_1000
695,fake_1000,697,fake_1000
696,fake_1000,697,fake_1000
705,fake_1000,707,fake_1000
706,fake_1000,707,fake_1000
715,fake_1000,717,fake_1000
716,fake_1000,717,fake_1000
722,fake_1000,724,fake_1000
723,fake_1000,724,fake_1000
737,fake_1000,738,fake_1000
755,fake_1000,757,fake_1000
756,fake_1000,757,fake_1000
772,fake_1000,774,fake_1000
773,fake_1000,774,fake_1000
786,fake_1000,787,fake_1000
792,fake_1000,793,fake_1000
798,fake_1000,800,fake_1000
799,fake_1000,800,fake_1000
807,fake_1000,809,fake_1000
808,fake_1000,809,fake_1000
814,fake_1000,816,fake_1000
815,fake_1000,816,fake_1000
829,fake_1000,830,fake_1000
835,fake_1000,837,fake_1000
836,fake_1000,837,fake_1000
848,fake_1000,850,fake_1000
849,fake_1000,850,fake_1000
855,fake_1000,856,fake_1000
861,fake_1000,862,fake_1000
872,fake_1000,874,fake_1000
873,fake_1000,874,fake_1000
887,fake_1000,889,fake_1000
888,fake_1000,889,fake_1000
898,fake_1000,900,fake_1000
899,fake_1000,900,fake_1000
928,fake_1000,930,fake_1000
929,fake_1000,930,fake_1000
937,fake_1000,939,fake_1000
938,fake_1000,939,fake_1000
961,fake_1000,962,fake_1000
971,fake_1000,973,fake_1000
972,fake_1000,973,fake_1000
978,fake_1000,980,fake_1000
979,fake_1000,980,fake_1000
985,fake_1000,987,fake_1000
986,fake_1000,987,fake_1000
37,fake_1000,38,fake_1000
51,fake_1000,52,fake_1000
109,fake_1000,110,fake_1000
128,fake_1000,129,fake_1000
213,fake_1000,214,fake_1000
236,fake_1000,237,fake_1000
244,fake_1000,245,fake_1000
251,fake_1000,252,fake_1000
258,fake_1000,259,fake_1000
274,fake_1000,275,fake_1000
289,fake_1000,290,fake_1000
342,fake_1000,343,fake_1000
374,fake_1000,375,fake_1000
398,fake_1000,399,fake_1000
432,fake_1000,433,fake_1000
439,fake_1000,440,fake_1000
502,fake_1000,503,fake_1000
514,fake_1000,515,fake_1000
554,fake_1000,555,fake_1000
617,fake_1000,618,fake_1000
624,fake_1000,627,fake_1000
625,fake_1000,627,fake_1000
626,fake_1000,627,fake_1000
662,fake_1000,663,fake_1000
695,fake_1000,696,fake_1000
705,fake_1000,706,fake_1000
715,fake_1000,716,fake_1000
722,fake_1000,723,fake_1000
755,fake_1000,756,fake_1000
772,fake_1000,773,fake_1000
798,fake_1000,799,fake_1000
807,fake_1000,808,fake_1000
814,fake_1000,815,fake_1000
835,fake_1000,836,fake_1000
848,fake_1000,849,fake_1000
872,fake_1000,873,fake_1000
887,fake_1000,888,fake_1000
898,fake_1000,899,fake_1000
928,fake_1000,929,fake_1000
937,fake_1000,938,fake_1000
971,fake_1000,972,fake_1000
978,fake_1000,979,fake_1000
985,fake_1000,986,fake_1000
624,fake_1000,626,fake_1000
625,fake_1000,626,fake_1000
624,fake_1000,625,fake_1000
